Links,Title,Views,Price
https://assetstore.unity.com/packages/tools/physics/magica-cloth-2-242307,Magica Cloth 2,3698,$25
https://assetstore.unity.com/packages/tools/animation/dynamic-bone-16743,Dynamic Bone,5380,$20
https://assetstore.unity.com/packages/tools/gui/ui-particle-image-235001,UI Particle Image,3019,$34.99
https://assetstore.unity.com/packages/tools/utilities/fast-script-reload-239351,Fast Script Reload,2243,$29.99
https://assetstore.unity.com/packages/tools/video/avpro-video-ultra-edition-184294,AVPro Video - Ultra Edition,890,$800
https://assetstore.unity.com/packages/vfx/particles/hyper-casual-fx-pack-vol-1-231405,Hyper Casual FX Pack Vol.1,1564,$32
https://assetstore.unity.com/packages/tools/terrain/gaia-pro-2021-terrain-scene-generator-193476,Gaia Pro 2021 - Terrain & Scene Generator,1526,$289
https://assetstore.unity.com/packages/tools/terrain/microverse-core-collection-232976,MicroVerse - Core Collection,1058,$180
https://assetstore.unity.com/packages/essentials/tutorial-projects/vtkunity-activiz-163686,VTKUnity-Activiz,356,"$1
https://assetstore.unity.com/packages/tools/ai/gpt-ai-integration-243729,GPT AI Integration,4671,$54.90
https://assetstore.unity.com/packages/templates/systems/topdown-engine-89636,TopDown Engine,2858,$60
https://assetstore.unity.com/packages/3d/environments/fantasy/dreamscape-nature-bundle-stylized-open-world-environment-232630,Dreamscape Nature Bundle - Stylized Open World Environment,1640,$140
https://assetstore.unity.com/packages/tools/particles-effects/environment-building-bundle-238238,Environment Building Bundle,364,$460
https://assetstore.unity.com/packages/tools/video/avpro-video-core-edition-181844,AVPro Video - Core Edition,311,$90
https://assetstore.unity.com/packages/2d/gui/icons/3700-fantasy-rpg-icons-pack-229460,3700 Fantasy RPG Icons Pack,1226,$54.90
https://assetstore.unity.com/packages/tools/visual-scripting/playmaker-368,Playmaker,2661,$65
https://assetstore.unity.com/packages/tools/animation/final-ik-14290,Final IK,1844,$90
https://assetstore.unity.com/packages/3d/environments/fantasy/polygon-elven-realm-247353,POLYGON - Elven Realm,1853,$149.99
https://assetstore.unity.com/packages/tools/particles-effects/enviro-3-sky-and-weather-236601,Enviro 3 - Sky and Weather,641,$70
https://assetstore.unity.com/packages/tools/game-toolkits/ultimate-character-controller-233710,Ultimate Character Controller,927,$249
https://assetstore.unity.com/packages/tools/visual-scripting/amplify-shader-editor-68570,Amplify Shader Editor,1694,$80
https://assetstore.unity.com/packages/tools/gui/3d-webview-for-windows-and-macos-web-browser-154144,3D WebView for Windows and macOS (Web Browser),680,$159.99
https://assetstore.unity.com/packages/3d/characters/creatures/monster-full-pack-vol-2-238395,MONSTER FULL PACK VOL 2,790,$339.99
https://assetstore.unity.com/packages/templates/systems/fps-engine-218594,FPS Engine,1448,$29.99
https://assetstore.unity.com/packages/tools/gui/unified-settings-game-options-ui-240015,Unified Settings & Game Options UI,740,$39.99
https://assetstore.unity.com/packages/tools/video/avpro-decklink-68784,AVPro DeckLink,142,$750
https://assetstore.unity.com/packages/tools/utilities/cozy-stylized-weather-2-230502,COZY: Stylized Weather 2,647,$45
https://assetstore.unity.com/packages/tools/terrain/world-building-bundle-for-microverse-243593,World Building Bundle for MicroVerse,318,$180
https://assetstore.unity.com/packages/tools/utilities/odin-inspector-and-serializer-89041,Odin Inspector and Serializer,1831,$55
https://assetstore.unity.com/packages/tools/particles-effects/feel-183370,Feel,1710,$40
https://assetstore.unity.com/packages/tools/game-toolkits/fps-animation-framework-238641,FPS Animation Framework,961,$24.99
https://assetstore.unity.com/packages/tools/integration/opencv-for-unity-21088,OpenCV for Unity,1327,$95
https://assetstore.unity.com/packages/tools/ai/dialogue-system-for-unity-11672,Dialogue System for Unity,1728,$85
https://assetstore.unity.com/packages/tools/utilities/game-launcher-patcher-and-updater-pro-237342,Game Launcher - Patcher and Updater [PRO],326,$299.99
https://assetstore.unity.com/packages/tools/game-toolkits/easy-grid-builder-pro-239234,Easy Grid Builder Pro,545,$40
