Links,Title,Views,Price,
https://assetstore.unity.com/packages/tools/physics/magica-cloth-2-242307,Magica Cloth 2,4624,$25,
https://assetstore.unity.com/packages/tools/animation/dynamic-bone-16743,Dynamic Bone,5399,$20,
https://assetstore.unity.com/packages/tools/gui/ui-particle-image-235001,UI Particle Image,2632,$59.99,
https://assetstore.unity.com/packages/tools/utilities/fast-script-reload-239351,Fast Script Reload,3167,$29.99,
https://assetstore.unity.com/packages/tools/video/avpro-video-ultra-edition-184294,AVPro Video - Ultra Edition,754,$800,
https://assetstore.unity.com/packages/vfx/particles/hyper-casual-fx-pack-vol-1-231405,Hyper Casual FX Pack Vol.1,2180,$32,
https://assetstore.unity.com/packages/tools/terrain/gaia-pro-2021-terrain-scene-generator-193476,Gaia Pro 2021 - Terrain & Scene Generator,1430,$289,
https://assetstore.unity.com/packages/tools/terrain/microverse-core-collection-232976,MicroVerse - Core Collection,1451,$180,
https://assetstore.unity.com/packages/essentials/tutorial-projects/vtkunity-activiz-163686,VTKUnity-Activiz,334,"$1,390"
https://assetstore.unity.com/packages/tools/ai/gpt-ai-integration-243729,GPT AI Integration,3891,$69.99,
